Feature_Name,Score
F7,5.3996062166507155
F9,1.357329789855783
F2,1.026992337765242
F8,0.9867511907717302
T3,0.5957258790582365
F4,0.39904606100614737
T2,0.07222827827043547
F3,0.042408762939361584
F6,0.040161467706718766
F5,0.02329251827399505
F10,0.022093712120263325
F1,0.015066124388706479
