Feature_Name,Score
F7,5.057727510141555
F9,2.000906858276052
F2,1.6286470867949918
F8,1.1262158450712225
F4,0.42008633462468664
T3,0.23617004195224386
F10,0.2229880429004052
T2,0.14582960512190052
F6,0.14560594911255983
F3,0.024129435832299786
F5,0.021914728636541096
F1,0.01882076156546865
