Feature_Name,Score
F1,5.404557862130485
F3,4.705463845599848
F9,2.656763167323088
F10,1.4249319551116395
F5,0.7405704514754418
F8,0.4860849384870072
F2,0.421305641945563
F7,0.27358197316663785
T1,0.23617004195226438
F4,0.05335014417619036
T2,0.022145395434268047
F6,0.008908076710629454
