Feature_Name,Score
F3,4.055813668673134
F4,3.5730280920430757
F7,2.898713639550881
F6,1.7473830683873035
F10,0.9782044951329896
F5,0.8660041604405027
F2,0.6166446794451634
F9,0.5456912361889529
F8,0.42784406480195114
F1,0.4032071339727412
T1,0.14582960512174326
T3,0.022145395434239032
